MULTI-STOCK HISTORICAL DAILY CLOSE PRICES (2024),,,,,,,,,,,,
Date,AAPL,MSFT,GOOGL,AMZN,TSLA,META,NVDA,NFLX,JPM,JNJ,XOM,WMT
2024-01-02,$182.00,$378.00,$172.00,$190.00,$240.00,$480.00,$870.00,$620.00,$198.00,$155.00,$112.00,$168.00
2024-01-03,$183.21,$382.41,$171.79,$187.50,$231.29,$471.96,$895.21,$625.52,$196.96,$155.29,$113.73,$168.44
2024-01-04,$180.46,$388.19,$172.45,$185.03,$234.38,$482.22,$916.74,$625.33,$196.19,$155.96,$115.63,$170.50
2024-01-05,$180.95,$392.32,$174.76,$184.19,$228.25,$484.29,$941.92,$637.59,$194.36,$154.56,$117.60,$171.86
2024-01-08,$178.39,$396.97,$174.52,$185.67,$233.90,$482.56,$969.82,$643.39,$196.85,$152.78,$116.14,$171.76
2024-01-09,$176.65,$403.42,$175.31,$186.41,$232.76,$477.47,$958.72,$641.31,$196.16,$154.12,$117.70,$171.69
2024-01-10,$178.54,$406.82,$177.18,$184.14,$234.26,$488.48,$986.47,$645.38,$197.33,$152.60,$119.09,$170.06
2024-01-11,$179.32,$412.43,$176.83,$180.99,$226.55,$476.72,"$1,012.30",$634.19,$200.09,$151.76,$118.03,$171.24
2024-01-12,$179.46,$409.02,$179.44,$179.97,$225.94,$480.45,"$1,017.03",$637.34,$201.10,$151.63,$119.05,$169.90
2024-01-15,$176.48,$412.78,$178.00,$179.65,$231.72,$481.88,"$1,004.90",$627.29,$204.12,$150.19,$118.72,$168.14
2024-01-16,$176.24,$413.83,$178.88,$180.54,$235.91,$477.54,"$1,003.70",$631.63,$204.49,$151.26,$117.96,$168.98
2024-01-17,$178.73,$411.42,$179.43,$184.18,$241.89,$478.89,$976.10,$624.68,$205.28,$152.09,$119.21,$167.98
2024-01-18,$180.58,$410.99,$181.15,$184.59,$236.52,$486.61,$949.53,$630.82,$202.82,$153.10,$117.79,$169.82
2024-01-19,$183.42,$408.85,$180.40,$182.56,$235.85,$489.71,$974.58,$636.98,$204.51,$153.46,$117.27,$171.68
2024-01-22,$185.77,$414.81,$183.01,$179.27,$232.42,$488.86,$953.28,$621.35,$205.35,$153.75,$117.38,$171.91
2024-01-23,$188.07,$418.47,$180.45,$181.06,$223.78,$477.49,$946.56,$637.82,$208.18,$152.45,$117.63,$170.76
2024-01-24,$185.96,$415.85,$178.75,$180.19,$232.31,$486.07,$951.81,$632.58,$208.25,$153.05,$119.66,$169.19
2024-01-25,$186.54,$418.06,$180.33,$179.12,$234.77,$496.12,$971.27,$625.46,$209.39,$153.36,$120.44,$169.37
2024-01-26,$189.31,$413.14,$182.31,$177.56,$240.70,$504.79,$986.53,$626.49,$209.58,$154.27,$121.42,$169.79
2024-01-29,$191.63,$408.24,$185.82,$175.68,$247.67,$500.92,$972.88,$631.96,$209.70,$153.03,$121.38,$169.58
2024-01-30,$188.88,$413.15,$182.55,$174.11,$255.19,$510.47,$970.95,$637.72,$207.96,$152.44,$121.57,$167.84
2024-01-31,$186.28,$418.12,$185.75,$171.13,$251.60,$511.36,$963.95,$653.05,$208.29,$152.14,$121.07,$168.42
2024-02-01,$188.96,$416.18,$189.12,$167.85,$250.09,$510.72,$984.65,$666.66,$208.00,$152.03,$122.44,$167.79
2024-02-02,$190.84,$413.31,$190.07,$169.37,$254.78,$521.86,$990.24,$680.71,$209.01,$150.31,$122.54,$167.38
2024-02-05,$190.75,$411.58,$186.97,$169.35,$258.47,$523.67,"$1,007.32",$687.27,$211.01,$151.81,$124.35,$166.47
2024-02-06,$187.94,$405.38,$186.06,$170.10,$254.63,$525.90,"$1,002.88",$672.86,$208.19,$150.09,$124.81,$167.72
2024-02-07,$190.63,$409.44,$183.90,$167.13,$254.65,$526.24,"$1,021.86",$670.57,$209.23,$148.86,$124.88,$169.39
2024-02-08,$187.41,$415.21,$180.77,$167.62,$254.68,$527.88,"$1,005.31",$687.39,$210.19,$148.07,$123.88,$168.39
2024-02-09,$185.66,$417.88,$177.94,$169.64,$254.88,$525.23,"$1,014.90",$700.91,$212.69,$146.34,$124.37,$166.81
2024-02-12,$185.26,$412.16,$179.31,$168.96,$248.05,$519.29,"$1,047.52",$693.68,$209.96,$144.78,$124.91,$167.08
2024-02-13,$186.36,$411.66,$181.46,$167.24,$255.91,$507.42,"$1,060.52",$694.75,$209.08,$145.02,$126.81,$166.31
2024-02-14,$189.67,$418.23,$179.16,$169.43,$262.64,$515.01,"$1,030.03",$678.72,$210.71,$144.10,$124.90,$165.14
2024-02-15,$187.00,$412.37,$176.54,$166.01,$270.64,$505.32,"$1,008.35",$670.37,$207.79,$142.95,$125.66,$164.54
2024-02-16,$190.22,$414.91,$178.75,$168.91,$277.23,$506.85,"$1,015.52",$680.44,$206.34,$143.04,$124.20,$162.95
2024-02-19,$188.03,$415.45,$178.52,$168.87,$280.42,$516.31,"$1,042.51",$665.62,$203.52,$141.80,$122.61,$160.99
2024-02-20,$189.93,$419.48,$180.11,$167.10,$284.40,$516.70,"$1,047.02",$650.98,$205.72,$142.21,$123.98,$162.07
2024-02-21,$189.23,$422.08,$179.27,$169.51,$288.31,$513.11,"$1,079.86",$641.13,$206.73,$141.12,$124.00,$161.67
2024-02-22,$190.85,$420.12,$176.87,$168.92,$294.98,$517.45,"$1,075.68",$655.25,$205.63,$140.85,$123.26,$163.07
2024-02-23,$193.63,$418.37,$176.79,$165.29,$291.79,$521.24,"$1,046.68",$667.01,$203.27,$139.66,$122.29,$165.22
2024-02-26,$197.11,$415.16,$176.03,$166.14,$301.92,$526.14,"$1,052.09",$660.38,$205.43,$139.66,$121.67,$165.08
2024-02-27,$198.97,$410.25,$178.75,$167.26,$295.62,$532.35,"$1,079.68",$673.42,$202.85,$139.79,$119.73,$164.44
2024-02-28,$202.56,$414.68,$178.66,$164.36,$294.92,$533.57,"$1,049.17",$688.27,$201.16,$139.95,$121.24,$162.78
2024-02-29,$200.57,$414.88,$180.46,$167.99,$300.04,$530.26,"$1,033.78",$695.56,$202.12,$140.36,$122.18,$164.93
2024-03-01,$203.71,$420.20,$180.81,$165.17,$289.69,$523.79,"$1,061.57",$695.58,$202.39,$141.32,$121.64,$164.41
2024-03-04,$205.60,$422.05,$181.84,$168.45,$296.84,$522.21,"$1,064.31",$714.93,$202.47,$139.98,$121.61,$164.60
2024-03-05,$206.34,$415.57,$182.09,$171.80,$297.36,$518.57,"$1,042.56",$710.34,$200.57,$140.27,$120.48,$166.19
2024-03-06,$209.57,$417.49,$183.01,$174.31,$305.86,$517.71,"$1,053.77",$727.95,$201.10,$138.62,$118.75,$166.96
2024-03-07,$209.26,$415.15,$186.02,$173.29,$307.46,$517.28,"$1,026.54",$730.00,$201.18,$140.24,$119.84,$167.37
2024-03-08,$212.02,$413.68,$184.21,$172.44,$308.18,$520.80,"$1,003.46",$711.59,$199.64,$141.43,$120.49,$166.99
2024-03-11,$210.08,$408.24,$186.58,$176.23,$311.34,$510.76,"$1,002.40",$692.89,$198.03,$142.76,$122.35,$165.12
2024-03-12,$207.35,$413.37,$188.78,$177.25,$323.40,$507.93,"$1,004.13",$692.22,$196.28,$142.88,$123.29,$163.40
2024-03-13,$205.42,$415.21,$185.33,$173.56,$331.72,$498.85,$979.48,$683.25,$194.62,$142.64,$123.29,$163.95
2024-03-14,$207.24,$414.12,$186.66,$175.51,$329.01,$494.57,$976.41,$690.57,$194.74,$141.24,$123.34,$162.05
2024-03-15,$204.34,$419.87,$186.82,$177.76,$340.24,$488.58,$949.80,$683.04,$194.72,$139.88,$124.16,$160.43
2024-03-18,$202.72,$423.14,$188.60,$177.54,$336.89,$481.55,$950.94,$701.26,$193.24,$139.44,$125.59,$161.52
2024-03-19,$202.72,$421.59,$186.82,$180.18,$327.81,$483.21,$976.12,$692.72,$190.81,$138.40,$123.82,$162.12
2024-03-20,$199.87,$419.31,$189.08,$179.74,$322.00,$486.26,$992.65,$692.89,$191.23,$137.17,$122.45,$164.27
2024-03-21,$197.79,$416.41,$186.91,$179.99,$312.41,$487.78,"$1,009.31",$711.02,$193.88,$138.73,$122.87,$163.65
2024-03-22,$194.62,$414.40,$183.79,$182.73,$315.57,$476.09,"$1,036.22",$726.73,$191.44,$139.77,$122.02,$164.00
2024-03-25,$193.25,$420.37,$186.78,$186.42,$309.18,$481.63,"$1,057.99",$729.88,$189.82,$138.89,$120.00,$162.42
2024-03-26,$190.39,$415.44,$189.90,$187.35,$299.41,$489.83,"$1,084.48",$730.48,$188.68,$137.28,$121.24,$163.63
2024-03-27,$188.65,$409.01,$188.24,$190.61,$298.00,$484.43,"$1,053.84",$744.16,$185.99,$138.67,$121.20,$164.59
2024-03-28,$190.04,$402.97,$185.45,$192.66,$302.06,$491.21,"$1,023.41",$728.77,$188.55,$138.61,$120.30,$164.69
2024-03-29,$187.17,$406.88,$188.46,$195.75,$304.29,$502.07,"$1,018.73",$740.91,$186.26,$140.08,$120.63,$163.20
2024-04-01,$184.98,$412.40,$188.79,$199.56,$296.19,$492.31,"$1,034.40",$731.93,$188.57,$140.09,$121.95,$164.39
2024-04-02,$182.39,$406.64,$186.13,$203.20,$290.97,$484.75,"$1,067.24",$742.93,$187.21,$138.46,$124.05,$165.84
2024-04-03,$181.39,$405.59,$186.92,$203.79,$301.52,$475.09,"$1,048.07",$758.44,$184.66,$136.94,$126.09,$167.71
2024-04-04,$182.19,$400.51,$187.74,$206.49,$305.60,$470.56,"$1,079.97",$767.56,$186.18,$137.65,$127.50,$166.38
2024-04-05,$180.89,$400.04,$189.18,$207.13,$300.97,$469.11,"$1,055.62",$767.69,$185.31,$138.98,$129.43,$165.75
2024-04-08,$183.17,$406.05,$185.93,$207.55,$292.68,$468.58,"$1,048.67",$747.85,$182.59,$139.51,$128.57,$164.27
2024-04-09,$182.13,$402.63,$188.63,$207.64,$299.72,$458.93,"$1,068.89",$754.20,$180.94,$140.81,$126.51,$166.34
2024-04-10,$179.57,$406.08,$189.26,$208.33,$308.33,$458.59,"$1,066.41",$738.64,$181.20,$141.10,$128.50,$164.78
2024-04-11,$177.22,$409.36,$189.40,$210.52,$299.89,$455.55,"$1,098.91",$738.20,$180.49,$142.78,$129.17,$164.89
2024-04-12,$177.49,$408.32,$191.74,$207.53,$308.10,$467.16,"$1,102.85",$728.43,$178.29,$143.43,$127.65,$165.54
2024-04-15,$177.03,$406.06,$194.28,$204.33,$303.44,$461.41,"$1,124.59",$711.89,$179.33,$144.32,$127.19,$165.56
2024-04-16,$175.58,$406.84,$197.03,$200.01,$305.84,$460.51,"$1,144.10",$728.68,$181.25,$145.67,$125.88,$167.54
2024-04-17,$176.65,$412.70,$195.75,$196.61,$311.74,$451.42,"$1,145.21",$710.85,$183.64,$144.31,$124.14,$167.18
2024-04-18,$178.33,$406.89,$198.20,$196.63,$310.84,$448.41,"$1,131.78",$708.92,$183.92,$142.97,$124.13,$168.49
2024-04-19,$177.42,$404.47,$197.03,$196.52,$318.15,$443.69,"$1,142.27",$691.51,$185.28,$144.67,$125.27,$167.49
2024-04-22,$176.47,$405.72,$195.64,$198.69,$320.87,$452.08,"$1,115.82",$677.79,$184.28,$143.03,$125.58,$166.28
2024-04-23,$178.17,$412.26,$194.77,$194.65,$314.87,$459.86,"$1,138.60",$693.38,$185.24,$142.58,$127.23,$166.13
2024-04-24,$179.50,$408.07,$195.14,$195.44,$314.67,$467.16,"$1,128.12",$686.39,$183.78,$141.51,$127.75,$167.30
2024-04-25,$180.10,$413.73,$196.56,$194.12,$326.34,$463.81,"$1,132.62",$687.52,$186.11,$143.07,$127.81,$167.11
2024-04-26,$179.94,$407.94,$197.27,$193.86,$331.80,$457.78,"$1,142.22",$698.76,$187.77,$142.95,$129.28,$168.76
2024-04-29,$179.76,$403.72,$198.96,$197.04,$343.61,$457.37,"$1,142.65",$712.54,$185.39,$143.02,$129.42,$167.95
2024-04-30,$179.68,$397.49,$195.89,$195.55,$349.10,$464.37,"$1,156.12",$705.95,$187.59,$142.53,$128.19,$167.02
2024-05-01,$177.10,$400.69,$195.37,$198.88,$336.99,$465.73,"$1,178.22",$710.93,$188.35,$143.87,$126.06,$168.82
2024-05-02,$176.65,$400.87,$196.81,$198.12,$337.70,$468.35,"$1,195.56",$722.24,$185.59,$145.10,$126.11,$169.46
2024-05-03,$178.52,$400.99,$195.48,$195.76,$344.77,$458.71,"$1,223.20",$711.03,$184.39,$144.40,$127.14,$168.71
2024-05-06,$176.32,$406.48,$191.95,$192.79,$352.78,$468.18,"$1,201.13",$728.47,$186.80,$142.90,$128.40,$169.77
2024-05-07,$174.61,$411.94,$188.75,$194.06,$359.35,$469.35,"$1,230.97",$708.50,$184.35,$143.95,$129.83,$168.02
2024-05-08,$177.09,$414.30,$185.86,$190.97,$371.56,$466.50,"$1,270.05",$725.03,$183.22,$143.81,$128.95,$166.16
2024-05-09,$177.31,$420.67,$184.94,$190.76,$383.77,$469.52,"$1,274.36",$718.48,$185.89,$142.44,$127.95,$167.24
2024-05-10,$175.49,$423.62,$184.08,$189.71,$398.26,$461.21,"$1,274.26",$711.97,$185.56,$142.28,$129.81,$167.24
2024-05-13,$177.10,$428.09,$181.55,$189.15,$389.91,$451.96,"$1,309.91",$702.92,$184.19,$141.69,$128.00,$167.00
2024-05-14,$176.66,$425.30,$182.76,$190.34,$387.01,$442.75,"$1,273.52",$688.79,$186.37,$141.82,$127.28,$167.25
2024-05-15,$179.87,$421.07,$181.22,$188.75,$389.67,$440.77,"$1,245.03",$683.06,$185.04,$142.14,$127.77,$168.18
2024-05-16,$177.38,$415.27,$180.49,$192.23,$377.04,$436.20,"$1,268.04",$690.25,$184.56,$143.55,$128.30,$166.84
2024-05-17,$178.28,$416.27,$183.79,$192.44,$365.44,$431.77,"$1,287.96",$680.03,$183.02,$144.55,$128.46,$166.05
2024-05-20,$179.98,$419.28,$186.42,$190.35,$367.42,$434.27,"$1,301.53",$669.20,$182.92,$143.63,$128.07,$165.43
2024-05-21,$180.35,$421.21,$187.46,$187.62,$363.32,$444.47,"$1,278.49",$684.30,$182.73,$142.60,$126.31,$163.82
2024-05-22,$179.91,$424.99,$190.82,$184.28,$355.34,$436.87,"$1,247.33",$675.59,$184.38,$144.18,$125.14,$165.26
2024-05-23,$182.21,$425.71,$191.25,$187.88,$365.42,$426.59,"$1,214.21",$689.66,$183.46,$143.05,$126.86,$164.33
2024-05-24,$185.11,$429.47,$191.34,$187.83,$354.77,$430.87,"$1,244.81",$705.20,$184.49,$144.16,$127.33,$166.27
2024-05-27,$182.48,$429.53,$188.72,$190.04,$357.84,$427.96,"$1,221.02",$697.60,$184.98,$143.68,$126.75,$164.74
2024-05-28,$179.61,$428.98,$186.93,$192.98,$349.39,$433.91,"$1,250.42",$689.29,$185.36,$143.48,$128.67,$163.24
2024-05-29,$177.65,$427.60,$188.00,$189.61,$360.57,$433.91,"$1,288.79",$703.90,$187.48,$145.10,$128.38,$164.36
2024-05-30,$180.11,$426.66,$191.38,$189.26,$353.30,$430.68,"$1,265.69",$691.31,$186.55,$144.58,$127.78,$165.00
2024-05-31,$180.77,$432.58,$190.09,$192.27,$356.33,$430.49,"$1,300.99",$701.93,$187.67,$143.09,$126.78,$164.55
2024-06-03,$178.36,$434.31,$192.14,$192.32,$363.74,$421.92,"$1,316.04",$720.57,$188.50,$142.97,$126.88,$162.56
2024-06-04,$181.15,$428.59,$192.08,$195.86,$354.19,$413.51,"$1,334.06",$701.54,$190.04,$143.54,$125.73,$163.52
2024-06-05,$184.04,$435.30,$193.16,$198.61,$363.62,$409.65,"$1,312.68",$703.06,$187.90,$143.46,$127.66,$164.53
2024-06-06,$181.19,$440.26,$193.87,$196.48,$361.80,$419.23,"$1,350.26",$713.04,$186.45,$144.37,$125.56,$166.53
2024-06-07,$179.70,$446.20,$191.42,$199.40,$368.79,$409.63,"$1,337.12",$721.26,$186.38,$145.37,$126.10,$166.06
2024-06-10,$177.80,$442.30,$191.99,$198.85,$358.49,$411.24,"$1,351.23",$739.39,$188.34,$144.27,$125.98,$165.38
2024-06-11,$180.66,$444.39,$195.66,$197.15,$365.96,$401.25,"$1,313.43",$745.75,$188.26,$143.34,$124.07,$164.21
2024-06-12,$178.21,$440.33,$197.46,$197.01,$361.67,$409.33,"$1,293.66",$744.53,$185.78,$144.84,$123.86,$164.89
2024-06-13,$175.73,$445.54,$194.00,$197.22,$353.84,$408.13,"$1,303.83",$762.25,$185.22,$145.53,$122.38,$162.92
2024-06-14,$178.02,$439.14,$194.88,$195.12,$363.30,$408.30,"$1,280.95",$779.36,$183.94,$147.14,$122.60,$162.17
2024-06-17,$176.15,$445.65,$196.56,$191.95,$362.43,$403.32,"$1,295.92",$790.04,$185.33,$147.39,$122.42,$163.37
2024-06-18,$175.79,$447.58,$199.70,$190.26,$361.67,$411.94,"$1,267.16",$809.25,$185.05,$148.16,$123.40,$165.04
2024-06-19,$177.27,$448.73,$202.88,$187.60,$365.15,$413.97,"$1,280.28",$826.71,$186.01,$147.25,$122.99,$166.41
2024-06-20,$175.90,$450.13,$205.48,$184.04,$368.40,$408.26,"$1,282.38",$843.62,$186.21,$146.56,$121.27,$165.67
2024-06-21,$173.77,$456.76,$201.76,$181.58,$381.04,$415.32,"$1,248.68",$845.99,$187.65,$145.90,$122.56,$166.14
2024-06-24,$171.65,$463.21,$198.85,$180.55,$375.56,$414.45,"$1,268.77",$860.98,$189.87,$146.64,$123.05,$166.25
2024-06-25,$169.42,$458.53,$200.92,$177.58,$373.73,$412.94,"$1,241.85",$878.89,$189.72,$146.89,$123.91,$164.34
2024-06-26,$168.06,$455.48,$203.34,$176.34,$380.17,$417.90,"$1,256.37",$884.29,$191.51,$148.02,$122.49,$162.74
2024-06-27,$169.21,$457.93,$204.23,$176.95,$391.10,$424.93,"$1,254.10",$899.39,$191.38,$149.37,$124.54,$162.34
2024-06-28,$170.12,$461.40,$200.63,$178.05,$380.23,$417.37,"$1,283.31",$877.79,$191.28,$148.02,$124.92,$162.25
2024-07-01,$167.98,$465.93,$199.78,$181.49,$390.35,$409.05,"$1,295.50",$855.07,$191.00,$148.63,$125.76,$161.86
2024-07-02,$169.76,$464.87,$196.56,$185.30,$378.02,$412.53,"$1,282.10",$854.09,$193.01,$147.17,$126.98,$161.75
2024-07-03,$172.45,$471.33,$198.41,$183.86,$366.09,$419.99,"$1,323.77",$863.89,$195.84,$147.76,$128.81,$160.62
2024-07-04,$170.10,$477.71,$202.17,$181.63,$365.57,$412.21,"$1,299.47",$887.94,$196.43,$148.21,$127.75,$161.69
2024-07-05,$169.54,$485.11,$201.46,$180.80,$357.03,$407.90,"$1,321.74",$903.46,$196.49,$147.95,$126.67,$162.31
2024-07-08,$168.41,$489.72,$202.49,$180.33,$361.26,$415.37,"$1,353.07",$927.21,$198.74,$147.14,$126.37,$161.19
2024-07-09,$169.64,$483.04,$203.69,$177.50,$364.88,$405.24,"$1,376.55",$948.69,$200.88,$146.26,$127.42,$162.02
2024-07-10,$169.41,$487.91,$205.23,$179.11,$360.13,$410.16,"$1,348.37",$973.01,$202.67,$146.89,$128.40,$162.55
2024-07-11,$172.36,$485.35,$204.38,$176.04,$365.13,$408.37,"$1,360.82",$971.75,$203.72,$145.27,$129.98,$163.91
2024-07-12,$170.88,$481.91,$200.74,$173.68,$369.77,$416.81,"$1,345.32",$946.59,$203.49,$144.39,$132.07,$162.99
2024-07-15,$171.34,$480.34,$197.12,$173.28,$362.95,$415.34,"$1,303.31",$951.87,$202.48,$142.87,$133.52,$164.29
2024-07-16,$169.85,$478.13,$196.81,$175.80,$372.35,$406.75,"$1,342.47",$953.06,$204.60,$141.96,$131.31,$162.75
2024-07-17,$169.61,$478.05,$199.67,$173.18,$369.60,$416.25,"$1,385.60",$939.43,$202.70,$140.95,$132.81,$164.12
2024-07-18,$167.96,$479.08,$203.41,$175.39,$368.40,$425.34,"$1,417.01",$926.36,$205.77,$141.85,$133.23,$164.20
2024-07-19,$165.29,$484.31,$205.32,$179.30,$367.33,$427.20,"$1,434.74",$910.29,$208.78,$142.28,$134.41,$164.37
2024-07-22,$167.45,$491.10,$205.67,$180.57,$362.86,$428.82,"$1,420.90",$919.00,$211.10,$140.68,$135.65,$164.16
2024-07-23,$167.84,$488.84,$203.27,$178.56,$368.85,$420.45,"$1,465.78",$930.44,$210.46,$141.74,$135.94,$162.42
2024-07-24,$165.07,$489.82,$205.17,$176.40,$358.40,$427.00,"$1,457.70",$947.10,$208.92,$140.59,$133.92,$163.59
2024-07-25,$165.08,$494.27,$201.95,$177.42,$362.03,$417.68,"$1,424.41",$939.90,$206.34,$140.38,$132.21,$165.30
2024-07-26,$167.70,$497.05,$201.32,$181.15,$364.70,$414.35,"$1,401.56",$955.43,$209.07,$140.67,$130.22,$164.24
2024-07-29,$170.19,$495.96,$205.14,$182.94,$364.91,$408.78,"$1,438.09",$959.43,$206.77,$140.76,$132.27,$164.06
2024-07-30,$169.86,$489.30,$202.42,$184.10,$356.39,$407.63,"$1,453.78",$982.94,$206.17,$140.37,$131.14,$162.49
2024-07-31,$168.22,$496.70,$200.73,$185.50,$354.93,$405.52,"$1,441.65",$958.09,$204.55,$140.71,$133.36,$162.26
2024-08-01,$165.93,$496.32,$197.75,$185.62,$356.03,$397.82,"$1,469.46",$965.64,$201.72,$141.20,$131.65,$162.65
2024-08-02,$168.70,$492.33,$194.72,$185.66,$354.17,$392.21,"$1,485.87",$970.91,$203.89,$141.32,$130.06,$162.36
2024-08-05,$169.06,$495.86,$196.08,$186.32,$341.02,$386.08,"$1,457.88",$984.42,$206.45,$141.58,$129.34,$161.87
2024-08-06,$170.68,$497.02,$192.63,$187.69,$347.67,$388.31,"$1,427.64",$983.86,$204.42,$142.97,$128.39,$163.08
2024-08-07,$169.30,$503.16,$196.06,$186.95,$354.69,$381.65,"$1,414.52",$982.21,$205.80,$144.14,$126.55,$162.13
2024-08-08,$169.49,$506.48,$192.59,$190.34,$365.48,$379.95,"$1,380.02",$956.20,$206.55,$142.51,$126.74,$163.93
2024-08-09,$170.76,$501.21,$192.20,$189.28,$358.17,$388.96,"$1,344.34",$969.17,$207.25,$144.23,$126.13,$162.19
2024-08-12,$170.29,$500.86,$193.54,$186.55,$351.71,$387.23,"$1,325.49",$979.00,$205.52,$142.81,$125.11,$160.19
2024-08-13,$173.34,$503.28,$192.25,$187.92,$354.68,$394.34,"$1,320.94","$1,003.49",$205.55,$142.57,$124.42,$159.28
2024-08-14,$170.58,$503.43,$190.43,$187.39,$344.55,$399.50,"$1,280.03","$1,003.70",$208.21,$143.94,$122.92,$160.25
2024-08-15,$170.84,$495.80,$192.07,$190.81,$331.72,$390.45,"$1,251.21","$1,021.29",$206.43,$143.11,$122.41,$159.46
2024-08-16,$169.66,$497.83,$191.11,$193.42,$328.85,$396.11,"$1,222.63","$1,023.68",$204.71,$144.75,$124.26,$159.73
2024-08-19,$171.52,$497.61,$187.61,$196.46,$321.57,$405.41,"$1,228.02","$1,009.44",$202.66,$146.20,$125.45,$158.87
2024-08-20,$174.10,$504.31,$188.53,$195.94,$320.95,$408.87,"$1,216.61","$1,018.97",$204.88,$147.11,$124.46,$157.57
2024-08-21,$173.21,$502.13,$189.71,$194.94,$331.29,$416.23,"$1,231.40","$1,021.68",$202.08,$146.35,$123.13,$159.48
2024-08-22,$175.72,$502.58,$187.60,$198.56,$319.28,$419.04,"$1,211.11","$1,032.60",$202.70,$145.52,$122.88,$159.72
2024-08-23,$172.66,$498.06,$190.47,$202.94,$319.49,$423.47,"$1,209.26","$1,040.91",$204.17,$145.67,$124.84,$158.76
2024-08-26,$172.44,$504.35,$192.60,$199.11,$317.10,$426.60,"$1,246.87","$1,059.62",$205.01,$146.93,$123.37,$159.21
2024-08-27,$169.51,$500.42,$195.42,$202.17,$313.93,$424.74,"$1,220.64","$1,061.59",$204.57,$146.81,$122.79,$159.96
2024-08-28,$172.42,$495.23,$191.94,$206.15,$307.09,$429.41,"$1,222.49","$1,080.88",$203.09,$146.28,$122.75,$158.17
2024-08-29,$171.92,$500.23,$192.43,$202.44,$307.33,$436.99,"$1,235.92","$1,078.91",$204.60,$145.47,$122.17,$156.85
2024-08-30,$169.21,$504.99,$194.43,$204.31,$312.70,$432.16,"$1,240.57","$1,054.09",$204.61,$145.61,$121.67,$155.35
2024-09-02,$166.40,$512.39,$192.55,$203.06,$309.02,$438.60,"$1,240.92","$1,081.64",$203.37,$144.95,$123.17,$156.22
2024-09-03,$166.73,$517.43,$191.53,$204.49,$314.11,$447.88,"$1,240.10","$1,087.76",$203.10,$145.19,$125.20,$157.89
2024-09-04,$167.67,$521.07,$193.67,$200.71,$308.14,$456.97,"$1,233.45","$1,060.53",$203.98,$143.69,$127.14,$157.21
2024-09-05,$169.52,$528.47,$196.11,$202.99,$299.05,$459.79,"$1,201.69","$1,077.94",$201.96,$143.57,$125.97,$158.74
2024-09-06,$170.03,$534.94,$193.42,$199.77,$309.23,$455.38,"$1,173.21","$1,103.53",$201.45,$143.88,$126.99,$159.32
2024-09-09,$172.88,$537.68,$196.83,$199.29,$304.62,$462.04,"$1,162.69","$1,125.39",$203.19,$144.23,$126.31,$160.82
2024-09-10,$174.39,$539.52,$196.55,$202.58,$310.84,$461.69,"$1,133.05","$1,112.93",$203.29,$144.60,$124.68,$161.52
2024-09-11,$174.10,$536.56,$194.40,$201.63,$300.12,$452.97,"$1,158.91","$1,129.91",$203.41,$144.78,$123.36,$159.64
2024-09-12,$176.23,$544.90,$193.47,$203.71,$300.23,$446.61,"$1,134.31","$1,109.50",$205.36,$146.25,$123.02,$158.37
2024-09-13,$173.44,$536.51,$197.04,$203.74,$307.82,$454.69,"$1,117.86","$1,098.39",$207.12,$147.72,$121.05,$157.20
2024-09-16,$176.10,$539.03,$196.23,$200.26,$297.40,$447.19,"$1,129.84","$1,090.04",$209.34,$148.64,$121.63,$155.98
2024-09-17,$175.17,$543.24,$193.03,$199.41,$295.05,$439.98,"$1,144.21","$1,074.25",$212.25,$149.46,$120.19,$157.13
2024-09-18,$176.71,$544.69,$191.67,$203.38,$285.84,$429.29,"$1,180.52","$1,068.33",$210.83,$148.54,$120.28,$157.47
2024-09-19,$174.21,$543.47,$191.75,$200.16,$287.06,$431.96,"$1,179.32","$1,074.49",$210.84,$149.84,$120.93,$155.79
2024-09-20,$171.53,$544.24,$192.88,$196.35,$296.95,$442.16,"$1,154.91","$1,101.66",$210.89,$148.61,$122.75,$156.75
2024-09-23,$171.76,$537.44,$190.77,$199.13,$302.08,$432.57,"$1,177.22","$1,109.16",$210.45,$149.34,$123.87,$157.29
2024-09-24,$172.90,$530.67,$192.24,$201.31,$302.76,$424.87,"$1,164.61","$1,108.54",$212.00,$148.33,$124.74,$158.21
2024-09-25,$171.10,$531.14,$195.51,$200.05,$304.16,$418.74,"$1,129.82","$1,091.83",$214.59,$147.29,$126.07,$158.89
2024-09-26,$169.17,$531.41,$196.50,$201.66,$307.35,$420.74,"$1,099.70","$1,071.62",$213.02,$148.95,$128.00,$158.93
2024-09-27,$168.60,$529.32,$194.10,$200.23,$312.97,$428.82,"$1,083.06","$1,094.93",$212.72,$150.73,$126.39,$157.00
2024-09-30,$168.23,$530.14,$191.85,$203.75,$321.53,$436.54,"$1,060.30","$1,122.81",$213.32,$149.03,$125.51,$156.37
2024-10-01,$170.50,$523.05,$195.06,$205.30,$324.97,$433.26,"$1,073.12","$1,106.49",$211.57,$147.78,$127.50,$154.86
2024-10-02,$172.88,$516.45,$195.69,$202.06,$321.53,$431.38,"$1,081.38","$1,085.44",$210.69,$149.49,$125.69,$153.91
2024-10-03,$170.00,$510.21,$198.06,$205.31,$332.81,$441.87,"$1,050.50","$1,111.39",$212.84,$150.20,$125.44,$155.47
2024-10-04,$168.49,$508.83,$196.43,$207.22,$333.48,$447.53,"$1,025.30","$1,091.24",$211.82,$149.43,$127.47,$156.37
2024-10-07,$166.93,$513.99,$195.68,$207.75,$337.49,$448.09,"$1,051.35","$1,109.82",$210.08,$149.20,$127.77,$156.50
2024-10-08,$166.92,$506.97,$198.63,$205.81,$328.35,$441.51,"$1,038.87","$1,093.15",$208.50,$150.89,$127.80,$154.75
2024-10-09,$169.76,$514.30,$198.15,$205.15,$338.25,$444.17,"$1,016.28","$1,080.91",$208.65,$149.23,$126.54,$155.77
2024-10-10,$170.60,$522.23,$194.90,$201.25,$347.60,$434.56,$997.99,"$1,066.08",$206.81,$150.09,$128.53,$154.34
2024-10-11,$172.33,$519.72,$197.87,$198.23,$352.59,$444.81,"$1,019.58","$1,062.59",$209.77,$151.22,$129.30,$155.41
2024-10-14,$172.59,$513.62,$196.27,$196.76,$347.45,$442.70,"$1,026.29","$1,058.98",$210.76,$149.76,$130.31,$155.53
2024-10-15,$173.95,$521.56,$198.47,$193.04,$355.40,$444.13,"$1,047.64","$1,031.60",$208.57,$149.76,$131.82,$156.14
2024-10-16,$176.69,$524.26,$200.88,$190.56,$358.44,$434.70,"$1,024.22","$1,007.93",$208.54,$150.96,$130.08,$157.61
2024-10-17,$174.24,$528.56,$201.59,$194.44,$370.39,$445.10,"$1,016.25",$995.03,$209.09,$150.34,$130.74,$155.93
2024-10-18,$172.41,$524.54,$199.99,$194.80,$364.53,$439.39,"$1,047.01",$995.89,$208.59,$151.10,$130.88,$155.20
2024-10-21,$175.26,$531.11,$202.80,$192.81,$377.45,$436.12,"$1,039.38",$991.80,$207.83,$152.35,$132.33,$153.72
2024-10-22,$175.26,$533.00,$201.72,$191.27,$375.99,$445.13,"$1,058.07",$988.71,$204.97,$152.97,$130.31,$153.85
2024-10-23,$173.48,$541.59,$201.62,$191.68,$384.35,$455.32,"$1,061.23","$1,004.94",$204.47,$152.33,$131.80,$154.81
2024-10-24,$173.42,$544.98,$202.86,$192.39,$388.46,$462.68,"$1,090.06",$995.46,$203.17,$152.86,$133.64,$154.47
2024-10-25,$176.09,$541.28,$206.75,$196.18,$391.81,$463.85,"$1,113.30","$1,013.91",$203.63,$153.64,$132.18,$154.92
2024-10-28,$174.25,$544.76,$205.23,$199.77,$384.02,$471.97,"$1,092.67","$1,028.90",$206.59,$154.71,$131.40,$155.72
2024-10-29,$174.74,$541.39,$202.86,$199.54,$378.32,$467.78,"$1,061.51","$1,030.43",$204.86,$154.00,$132.52,$155.46
2024-10-30,$175.65,$540.09,$200.32,$199.58,$392.88,$476.58,"$1,069.19","$1,009.52",$203.79,$153.68,$132.99,$155.36
2024-10-31,$175.17,$533.50,$200.58,$198.17,$401.78,$468.28,"$1,041.01","$1,033.14",$201.97,$155.36,$134.73,$157.22
2024-11-01,$176.74,$535.23,$198.54,$198.23,$393.07,$467.62,"$1,023.13","$1,036.36",$201.12,$155.77,$136.38,$159.03
2024-11-04,$179.87,$540.86,$200.05,$198.25,$406.39,$460.72,"$1,035.25","$1,062.73",$199.54,$155.15,$135.41,$159.36
2024-11-05,$182.69,$533.54,$201.72,$198.65,$420.46,$470.53,"$1,022.48","$1,050.50",$200.95,$153.90,$137.14,$160.54
2024-11-06,$183.72,$536.79,$204.98,$199.42,$415.87,$470.34,"$1,040.20","$1,063.68",$200.60,$152.61,$137.95,$162.58
2024-11-07,$181.18,$540.99,$204.73,$202.44,$424.84,$477.08,"$1,039.08","$1,051.14",$203.36,$154.26,$140.09,$161.64
2024-11-08,$181.89,$534.06,$204.06,$203.10,$440.74,$482.62,"$1,024.05","$1,057.31",$206.32,$153.88,$140.19,$163.17
2024-11-11,$184.07,$525.98,$203.62,$203.91,$432.90,$475.53,"$1,037.00","$1,071.93",$208.67,$152.95,$140.08,$164.19
2024-11-12,$181.38,$530.93,$200.54,$206.11,$446.38,$487.57,"$1,046.05","$1,067.19",$208.70,$154.03,$142.19,$163.79
2024-11-13,$183.11,$530.43,$203.06,$203.09,$451.21,$499.00,"$1,023.63","$1,058.59",$207.82,$152.86,$142.73,$164.14
2024-11-14,$183.21,$528.08,$205.92,$206.15,$452.97,$507.41,"$1,038.82","$1,050.46",$207.69,$151.32,$140.95,$162.60
2024-11-15,$185.90,$520.29,$206.34,$206.73,$457.63,$508.35,"$1,033.84","$1,052.25",$206.46,$150.75,$140.40,$163.40
2024-11-18,$184.07,$525.99,$207.11,$206.41,$470.31,$504.23,"$1,023.78","$1,063.36",$208.53,$151.75,$140.92,$164.14
2024-11-19,$183.92,$527.01,$203.95,$208.21,$466.77,$502.48,"$1,022.07","$1,077.11",$211.26,$151.63,$138.66,$166.20
2024-11-20,$185.43,$534.93,$204.26,$212.04,$460.74,$506.34,"$1,028.77","$1,057.18",$209.38,$151.45,$138.15,$164.40
2024-11-21,$182.36,$540.60,$203.03,$211.31,$474.15,$499.48,"$1,016.35","$1,070.13",$211.91,$151.35,$138.77,$166.31
2024-11-22,$182.67,$539.84,$206.71,$212.51,$492.11,$489.60,$995.22,"$1,070.57",$209.28,$152.22,$136.88,$166.76
2024-11-25,$183.91,$533.94,$207.76,$214.19,$508.73,$486.08,"$1,005.57","$1,050.53",$209.31,$154.05,$138.26,$167.94
2024-11-26,$181.08,$534.30,$209.33,$215.38,$511.93,$491.04,$997.84,"$1,067.57",$209.54,$153.64,$139.45,$165.96
2024-11-27,$179.06,$539.90,$210.78,$218.34,$496.25,$489.39,$991.63,"$1,065.18",$208.08,$155.52,$141.57,$167.85
2024-11-28,$179.99,$532.13,$212.85,$214.90,$495.09,$496.72,$984.24,"$1,079.76",$210.09,$154.11,$143.65,$168.89
2024-11-29,$177.42,$539.51,$210.54,$216.07,$497.09,$506.40,$983.85,"$1,091.82",$208.40,$152.51,$145.16,$168.00
2024-12-02,$178.13,$544.11,$214.43,$217.34,$478.91,$515.92,$954.61,"$1,063.15",$206.31,$151.14,$144.13,$167.76
2024-12-03,$175.48,$541.55,$212.80,$216.77,$491.27,$503.91,$972.17,"$1,040.52",$208.88,$152.05,$143.50,$167.19
2024-12-04,$178.22,$535.10,$213.15,$218.05,$490.79,$505.22,$986.60,"$1,048.76",$207.22,$152.76,$144.57,$166.81
2024-12-05,$179.02,$540.92,$215.79,$216.12,$489.33,$511.78,$962.14,"$1,063.22",$204.90,$152.07,$143.62,$165.31
2024-12-06,$176.84,$538.58,$219.40,$214.92,$489.05,$517.63,$948.88,"$1,041.70",$206.17,$152.11,$142.49,$165.61
2024-12-09,$178.94,$539.36,$221.29,$213.58,$484.64,$509.94,$976.15,"$1,065.27",$206.25,$152.54,$141.89,$164.49
2024-12-10,$176.15,$536.51,$219.30,$212.54,$470.73,$510.07,"$1,003.81","$1,042.31",$206.38,$151.03,$142.09,$163.95
2024-12-11,$177.00,$540.56,$219.98,$212.71,$483.57,$502.57,$990.76,"$1,024.92",$207.55,$150.62,$143.36,$165.44
2024-12-12,$177.13,$539.75,$218.58,$208.50,$491.67,$491.95,"$1,020.98","$1,006.87",$210.47,$151.22,$145.52,$167.20
2024-12-13,$179.87,$531.52,$218.95,$205.21,$488.76,$494.16,"$1,000.19","$1,017.65",$209.91,$150.43,$144.05,$165.32
2024-12-16,$179.51,$526.89,$221.72,$206.02,$484.18,$482.89,"$1,001.51","$1,000.65",$210.44,$149.52,$143.33,$163.23
2024-12-17,$177.31,$535.11,$218.11,$206.85,$488.25,$486.33,$997.78,$988.05,$209.47,$148.14,$142.62,$164.65
2024-12-18,$175.01,$537.93,$218.73,$209.98,$483.32,$498.37,$995.33,$984.80,$207.17,$148.22,$144.58,$165.06
